id,title,year,parental_guide,runtime,genre,directore,writer,star,gross_us_canada
0111161,The Shawshank Redemption,1994,R,142,['Drama'],"[('0001104', 'Frank Darabont')]","[('0000175', 'Stephen King'), ('0001104', 'Frank Darabont')]","[('0000209', 'Tim Robbins'), ('0000151', 'Morgan Freeman'), ('0348409', 'Bob Gunton')]",28767189
0068646,The Godfather,1972,R,175,"['Crime', 'Drama']","[('0000338', 'Francis Ford Coppola')]","[('0701374', 'Mario Puzo'), ('0000338', 'Francis Ford Coppola')]","[('0000008', 'Marlon Brando'), ('0000199', 'Al Pacino'), ('0001001', 'James Caan')]",136381073
0468569,The Dark Knight,2008,PG-13,152,"['Action', 'Crime', 'Drama']","[('0634240', 'Christopher Nolan')]","[('0634300', 'Jonathan Nolan'), ('0634240', 'Christopher Nolan'), ('0275286', 'David S. Goyer')]","[('0000288', 'Christian Bale'), ('0005132', 'Heath Ledger'), ('0001173', 'Aaron Eckhart')]",534987076
0071562,The Godfather Part II,1974,R,202,"['Crime', 'Drama']","[('0000338', 'Francis Ford Coppola')]","[('0000338', 'Francis Ford Coppola'), ('0701374', 'Mario Puzo')]","[('0000199', 'Al Pacino'), ('0000134', 'Robert De Niro'), ('0000380', 'Robert Duvall')]",47834595
0050083,12 Angry Men,1957,Approved,96,"['Crime', 'Drama']","[('0001486', 'Sidney Lumet')]","[('0741627', 'Reginald Rose')]","[('0000020', 'Henry Fonda'), ('0002011', 'Lee J. Cobb'), ('0000842', 'Martin Balsam')]",
0108052,Schindler's List,1993,R,195,"['Biography', 'Drama', 'History']","[('0000229', 'Steven Spielberg')]","[('0447745', 'Thomas Keneally'), ('0001873', 'Steven Zaillian')]","[('0000553', 'Liam Neeson'), ('0000146', 'Ralph Fiennes'), ('0001426', 'Ben Kingsley')]",96898818
0167260,The Lord of the Rings: The Return of the King,2003,PG-13,201,"['Action', 'Adventure', 'Drama']","[('0001392', 'Peter Jackson')]","[('0866058', 'J.R.R. Tolkien'), ('0909638', 'Fran Walsh'), ('0101991', 'Philippa Boyens')]","[('0000704', 'Elijah Wood'), ('0001557', 'Viggo Mortensen'), ('0005212', 'Ian McKellen')]",379427292
0110912,Pulp Fiction,1994,R,154,"['Crime', 'Drama']","[('0000233', 'Quentin Tarantino')]","[('0000233', 'Quentin Tarantino'), ('0000812', 'Roger Avary')]","[('0000237', 'John Travolta'), ('0000235', 'Uma Thurman'), ('0000168', 'Samuel L. Jackson')]",107928762
0120737,The Lord of the Rings: The Fellowship of the Ring,2001,PG-13,178,"['Action', 'Adventure', 'Drama']","[('0001392', 'Peter Jackson')]","[('0866058', 'J.R.R. Tolkien'), ('0909638', 'Fran Walsh'), ('0101991', 'Philippa Boyens')]","[('0000704', 'Elijah Wood'), ('0005212', 'Ian McKellen'), ('0089217', 'Orlando Bloom')]",316115420
0060196,"Il buono, il brutto, il cattivo",1966,Approved,161,"['Adventure', 'Western']","[('0001466', 'Sergio Leone')]","[('0898812', 'Luciano Vincenzoni'), ('0001466', 'Sergio Leone'), ('0408488', 'Agenore Incrocci')]","[('0000142', 'Clint Eastwood'), ('0908919', 'Eli Wallach'), ('0001812', 'Lee Van Cleef')]",25100000
0109830,Forrest Gump,1994,PG-13,142,"['Drama', 'Romance']","[('0000709', 'Robert Zemeckis')]","[('0343165', 'Winston Groom'), ('0744839', 'Eric Roth')]","[('0000158', 'Tom Hanks'), ('0000705', 'Robin Wright'), ('0000641', 'Gary Sinise')]",330455270
0137523,Fight Club,1999,R,139,['Drama'],"[('0000399', 'David Fincher')]","[('0657333', 'Chuck Palahniuk'), ('0880243', 'Jim Uhls')]","[('0000093', 'Brad Pitt'), ('0001570', 'Edward Norton'), ('0001533', 'Meat Loaf')]",37030102
0167261,The Lord of the Rings: The Two Towers,2002,PG-13,179,"['Action', 'Adventure', 'Drama']","[('0001392', 'Peter Jackson')]","[('0866058', 'J.R.R. Tolkien'), ('0909638', 'Fran Walsh'), ('0101991', 'Philippa Boyens')]","[('0000704', 'Elijah Wood'), ('0005212', 'Ian McKellen'), ('0001557', 'Viggo Mortensen')]",342952511
1375666,Inception,2010,PG-13,148,"['Action', 'Adventure', 'Sci-Fi']","[('0634240', 'Christopher Nolan')]","[('0634240', 'Christopher Nolan')]","[('0000138', 'Leonardo DiCaprio'), ('0330687', 'Joseph Gordon-Levitt'), ('0680983', 'Elliot Page')]",292587330
0080684,Star Wars: Episode V - The Empire Strikes Back,1980,PG,124,"['Action', 'Adventure', 'Fantasy']","[('0449984', 'Irvin Kershner')]","[('0102824', 'Leigh Brackett'), ('0001410', 'Lawrence Kasdan'), ('0000184', 'George Lucas')]","[('0000434', 'Mark Hamill'), ('0000148', 'Harrison Ford'), ('0000402', 'Carrie Fisher')]",292753960
0133093,The Matrix,1999,R,136,"['Action', 'Sci-Fi']","[('0905154', 'Lana Wachowski'), ('0905152', 'Lilly Wachowski')]","[('0905152', 'Lilly Wachowski'), ('0905154', 'Lana Wachowski')]","[('0000206', 'Keanu Reeves'), ('0000401', 'Laurence Fishburne'), ('0005251', 'Carrie-Anne Moss')]",172076928
0099685,Goodfellas,1990,R,145,"['Biography', 'Crime', 'Drama']","[('0000217', 'Martin Scorsese')]","[('0683380', 'Nicholas Pileggi'), ('0000217', 'Martin Scorsese')]","[('0000134', 'Robert De Niro'), ('0000501', 'Ray Liotta'), ('0000582', 'Joe Pesci')]",46909721
0073486,One Flew Over the Cuckoo's Nest,1975,R,133,['Drama'],"[('0001232', 'Milos Forman')]","[('0369142', 'Lawrence Hauben'), ('0325743', 'Bo Goldman'), ('0450181', 'Ken Kesey')]","[('0000197', 'Jack Nicholson'), ('0001221', 'Louise Fletcher'), ('0077720', 'Michael Berryman')]",108981275
0114369,Se7en,1995,R,127,"['Crime', 'Drama', 'Mystery']","[('0000399', 'David Fincher')]","[('0001825', 'Andrew Kevin Walker')]","[('0000151', 'Morgan Freeman'), ('0000093', 'Brad Pitt'), ('0000228', 'Kevin Spacey')]",100125643
0038650,It's a Wonderful Life,1946,PG,130,"['Drama', 'Family', 'Fantasy']","[('0001008', 'Frank Capra')]","[('0329304', 'Frances Goodrich'), ('0352443', 'Albert Hackett'), ('0001008', 'Frank Capra')]","[('0000071', 'James Stewart'), ('0001656', 'Donna Reed'), ('0000859', 'Lionel Barrymore')]",1483643
0816692,Interstellar,2014,PG-13,169,"['Adventure', 'Drama', 'Sci-Fi']","[('0634240', 'Christopher Nolan')]","[('0634300', 'Jonathan Nolan'), ('0634240', 'Christopher Nolan')]","[('0000190', 'Matthew McConaughey'), ('0004266', 'Anne Hathaway'), ('1567113', 'Jessica Chastain')]",188020017
0047478,Shichinin no samurai,1954,Not Rated,207,"['Action', 'Drama']","[('0000041', 'Akira Kurosawa')]","[('0000041', 'Akira Kurosawa'), ('0368074', 'Shinobu Hashimoto'), ('0644823', 'Hideo Oguni')]","[('0001536', 'Toshirô Mifune'), ('0793766', 'Takashi Shimura'), ('0875477', 'Keiko Tsushima')]",318649
0102926,The Silence of the Lambs,1991,R,118,"['Crime', 'Drama', 'Thriller']","[('0001129', 'Jonathan Demme')]","[('0365383', 'Thomas Harris'), ('0848217', 'Ted Tally')]","[('0000149', 'Jodie Foster'), ('0000164', 'Anthony Hopkins'), ('0001277', 'Scott Glenn')]",130742922
0120815,Saving Private Ryan,1998,R,169,"['Drama', 'War']","[('0000229', 'Steven Spielberg')]","[('0734441', 'Robert Rodat')]","[('0000158', 'Tom Hanks'), ('0000354', 'Matt Damon'), ('0001744', 'Tom Sizemore')]",217049603
0317248,Cidade de Deus,2002,R,130,"['Crime', 'Drama']","[('0576987', 'Fernando Meirelles'), ('0526199', 'Kátia Lund')]","[('0513130', 'Paulo Lins'), ('1130251', 'Bráulio Mantovani')]","[('1179105', 'Alexandre Rodrigues'), ('1129884', 'Leandro Firmino'), ('0618690', 'Matheus Nachtergaele')]",7564459
0118799,La vita è bella,1997,PG-13,116,"['Comedy', 'Drama', 'Romance']","[('0000905', 'Roberto Benigni')]","[('0148437', 'Vincenzo Cerami'), ('0000905', 'Roberto Benigni')]","[('0000905', 'Roberto Benigni'), ('0000971', 'Nicoletta Braschi'), ('0134493', 'Giorgio Cantarini')]",57563264
0120689,The Green Mile,1999,R,189,"['Crime', 'Drama', 'Fantasy']","[('0001104', 'Frank Darabont')]","[('0000175', 'Stephen King'), ('0001104', 'Frank Darabont')]","[('0000158', 'Tom Hanks'), ('0003817', 'Michael Clarke Duncan'), ('0001556', 'David Morse')]",136801374
0103064,Terminator 2: Judgment Day,1991,18+,137,"['Action', 'Sci-Fi']","[('0000116', 'James Cameron')]","[('0000116', 'James Cameron'), ('0936537', 'William Wisher')]","[('0000216', 'Arnold Schwarzenegger'), ('0000157', 'Linda Hamilton'), ('0000411', 'Edward Furlong')]",205881154
0076759,Star Wars,1977,PG,121,"['Action', 'Adventure', 'Fantasy']","[('0000184', 'George Lucas')]","[('0000184', 'George Lucas')]","[('0000434', 'Mark Hamill'), ('0000148', 'Harrison Ford'), ('0000402', 'Carrie Fisher')]",460998507
9362722,Spider-Man: Across the Spider-Verse,2023,PG,140,"['Animation', 'Action', 'Adventure']","[('1690966', 'Joaquim Dos Santos'), ('5358492', 'Kemp Powers'), ('1042511', 'Justin K. Thompson')]","[('0520488', 'Phil Lord'), ('0588087', 'Christopher Miller'), ('1709264', 'Dave Callaham')]","[('4271336', 'Shameik Moore'), ('2794962', 'Hailee Steinfeld'), ('3109964', 'Brian Tyree Henry')]",381564921
0088763,Back to the Future,1985,PG,116,"['Adventure', 'Comedy', 'Sci-Fi']","[('0000709', 'Robert Zemeckis')]","[('0000709', 'Robert Zemeckis'), ('0301826', 'Bob Gale')]","[('0000150', 'Michael J. Fox'), ('0000502', 'Christopher Lloyd'), ('0000670', 'Lea Thompson')]",214077472
0245429,Sen to Chihiro no kamikakushi,2001,PG,125,"['Animation', 'Adventure', 'Family']","[('0594503', 'Hayao Miyazaki')]","[('0594503', 'Hayao Miyazaki')]","[('0153738', 'Daveigh Chase'), ('0687189', 'Suzanne Pleshette'), ('0997115', 'Miyu Irino')]",15205725
0253474,The Pianist,2002,R,150,"['Biography', 'Drama', 'Music']","[('0000591', 'Roman Polanski')]","[('0367838', 'Ronald Harwood'), ('0844262', 'Wladyslaw Szpilman')]","[('0004778', 'Adrien Brody'), ('0470981', 'Thomas Kretschmann'), ('0277975', 'Frank Finlay')]",32572577
6751668,Gisaengchung,2019,R,132,"['Drama', 'Thriller']","[('0094435', 'Bong Joon Ho')]","[('0094435', 'Bong Joon Ho'), ('8243301', 'Han Jin-won')]","[('0814280', 'Song Kang-ho'), ('1310525', 'Lee Sun-kyun'), ('1856097', 'Cho Yeo-jeong')]",53369749
0054215,Psycho,1960,R,109,"['Horror', 'Mystery', 'Thriller']","[('0000033', 'Alfred Hitchcock')]","[('0825010', 'Joseph Stefano'), ('0088645', 'Robert Bloch')]","[('0000578', 'Anthony Perkins'), ('0001463', 'Janet Leigh'), ('0587256', 'Vera Miles')]",32000000
0172495,Gladiator,2000,R,155,"['Action', 'Adventure', 'Drama']","[('0000631', 'Ridley Scott')]","[('0291905', 'David Franzoni'), ('0517589', 'John Logan'), ('0629933', 'William Nicholson')]","[('0000128', 'Russell Crowe'), ('0001618', 'Joaquin Phoenix'), ('0001567', 'Connie Nielsen')]",187705427
0110357,The Lion King,1994,G,88,"['Animation', 'Adventure', 'Drama']","[('0021249', 'Roger Allers'), ('0591450', 'Rob Minkoff')]","[('0575293', 'Irene Mecchi'), ('0731271', 'Jonathan Roberts'), ('0941314', 'Linda Woolverton')]","[('0000111', 'Matthew Broderick'), ('0000460', 'Jeremy Irons'), ('0000469', 'James Earl Jones')]",422783777
0110413,Léon,1994,R,110,"['Action', 'Crime', 'Drama']","[('0000108', 'Luc Besson')]","[('0000108', 'Luc Besson')]","[('0000606', 'Jean Reno'), ('0000198', 'Gary Oldman'), ('0000204', 'Natalie Portman')]",19501238
0407887,The Departed,2006,18+,151,"['Crime', 'Drama', 'Thriller']","[('0000217', 'Martin Scorsese')]","[('1184258', 'William Monahan'), ('0538320', 'Alan Mak'), ('0159039', 'Felix Chong')]","[('0000138', 'Leonardo DiCaprio'), ('0000354', 'Matt Damon'), ('0000197', 'Jack Nicholson')]",132399394
0120586,American History X,1998,R,119,"['Crime', 'Drama']","[('0443411', 'Tony Kaye')]","[('0571346', 'David McKenna')]","[('0001570', 'Edward Norton'), ('0000411', 'Edward Furlong'), ('0000350', ""Beverly D'Angelo"")]",6719864
2582802,Whiplash,2014,R,106,"['Drama', 'Music']","[('3227090', 'Damien Chazelle')]","[('3227090', 'Damien Chazelle')]","[('1886602', 'Miles Teller'), ('0799777', 'J.K. Simmons'), ('2552034', 'Melissa Benoist')]",13092000
0482571,The Prestige,2006,PG-13,130,"['Drama', 'Mystery', 'Sci-Fi']","[('0634240', 'Christopher Nolan')]","[('0634300', 'Jonathan Nolan'), ('0634240', 'Christopher Nolan'), ('1793993', 'Christopher Priest')]","[('0000288', 'Christian Bale'), ('0413168', 'Hugh Jackman'), ('0424060', 'Scarlett Johansson')]",53089891
0095327,Hotaru no haka,1988,Not Rated,89,"['Animation', 'Drama', 'War']","[('0847223', 'Isao Takahata')]","[('0636435', 'Akiyuki Nosaka'), ('0847223', 'Isao Takahata')]","[('0851302', 'Tsutomu Tatsumi'), ('0794186', 'Ayano Shiraishi'), ('0945312', 'Akemi Yamaguchi')]",516962
0056058,Seppuku,1962,Not Rated,133,"['Action', 'Drama', 'Mystery']","[('0462030', 'Masaki Kobayashi')]","[('0847668', 'Yasuhiko Takiguchi'), ('0368074', 'Shinobu Hashimoto')]","[('0619938', 'Tatsuya Nakadai'), ('0410968', 'Akira Ishihama'), ('0412615', 'Shima Iwashita')]",
0114814,The Usual Suspects,1995,R,106,"['Crime', 'Drama', 'Mystery']","[('0001741', 'Bryan Singer')]","[('0003160', 'Christopher McQuarrie')]","[('0000228', 'Kevin Spacey'), ('0000321', 'Gabriel Byrne'), ('0001590', 'Chazz Palminteri')]",23341568
0034583,Casablanca,1942,PG,102,"['Drama', 'Romance', 'War']","[('0002031', 'Michael Curtiz')]","[('0258493', 'Julius J. Epstein'), ('0258525', 'Philip G. Epstein'), ('0462321', 'Howard Koch')]","[('0000007', 'Humphrey Bogart'), ('0000006', 'Ingrid Bergman'), ('0002134', 'Paul Henreid')]",4219709
1675434,Intouchables,2011,R,112,"['Biography', 'Comedy', 'Drama']","[('0619923', 'Olivier Nakache'), ('0865918', 'Éric Toledano')]","[('0619923', 'Olivier Nakache'), ('0865918', 'Éric Toledano'), ('4778840', 'Philippe Pozzo di Borgo')]","[('0167388', 'François Cluzet'), ('1082477', 'Omar Sy'), ('0494504', 'Anne Le Ny')]",10198820
0027977,Modern Times,1936,G,87,"['Comedy', 'Drama', 'Romance']","[('0000122', 'Charles Chaplin')]","[('0000122', 'Charles Chaplin')]","[('0000122', 'Charles Chaplin'), ('0002104', 'Paulette Goddard'), ('0074788', 'Henry Bergman')]",163577
0095765,Nuovo Cinema Paradiso,1988,PG,155,"['Drama', 'Romance']","[('0868153', 'Giuseppe Tornatore')]","[('0868153', 'Giuseppe Tornatore'), ('0660031', 'Vanna Paoli')]","[('0634159', 'Philippe Noiret'), ('0134073', 'Enzo Cannavale'), ('0041066', 'Antonella Attili')]",12397210
0047396,Rear Window,1954,PG,112,"['Mystery', 'Thriller']","[('0000033', 'Alfred Hitchcock')]","[('0371088', 'John Michael Hayes'), ('0941280', 'Cornell Woolrich')]","[('0000071', 'James Stewart'), ('0000038', 'Grace Kelly'), ('0179819', 'Wendell Corey')]",36764313
0064116,C'era una volta il West,1968,PG-13,166,['Western'],"[('0001466', 'Sergio Leone')]","[('0006872', 'Sergio Donati'), ('0001466', 'Sergio Leone'), ('0000783', 'Dario Argento')]","[('0000020', 'Henry Fonda'), ('0000314', 'Charles Bronson'), ('0001012', 'Claudia Cardinale')]",5321508
0078748,Alien,1979,R,117,"['Horror', 'Sci-Fi']","[('0000631', 'Ridley Scott')]","[('0639321', ""Dan O'Bannon""), ('0795953', 'Ronald Shusett')]","[('0000244', 'Sigourney Weaver'), ('0000643', 'Tom Skerritt'), ('0000457', 'John Hurt')]",81900459
23849204,12th Fail,2023,,147,"['Biography', 'Drama']","[('0006765', 'Vidhu Vinod Chopra')]","[('0006765', 'Vidhu Vinod Chopra'), ('8402629', 'Jaskunwar Kohli'), ('15090267', 'Anurag Pathak')]","[('5447706', 'Vikrant Massey'), ('10791162', 'Medha Shankar'), ('9744869', 'Joshi Anantvijay')]",
0021749,City Lights,1931,G,87,"['Comedy', 'Drama', 'Romance']","[('0000122', 'Charles Chaplin')]","[('0000122', 'Charles Chaplin'), ('0139714', 'Harry Carr'), ('0188357', 'Harry Crocker')]","[('0000122', 'Charles Chaplin'), ('0156039', 'Virginia Cherrill'), ('5681967', 'Florence Lee')]",19181
0078788,Apocalypse Now,1979,R,147,"['Drama', 'Mystery', 'War']","[('0000338', 'Francis Ford Coppola')]","[('0587518', 'John Milius'), ('0000338', 'Francis Ford Coppola'), ('0380282', 'Michael Herr')]","[('0000640', 'Martin Sheen'), ('0000008', 'Marlon Brando'), ('0000380', 'Robert Duvall')]",96042913
1853728,Django Unchained,2012,R,165,"['Drama', 'Western']","[('0000233', 'Quentin Tarantino')]","[('0000233', 'Quentin Tarantino')]","[('0004937', 'Jamie Foxx'), ('0910607', 'Christoph Waltz'), ('0000138', 'Leonardo DiCaprio')]",162805434
0209144,Memento,2000,R,113,"['Mystery', 'Thriller']","[('0634240', 'Christopher Nolan')]","[('0634240', 'Christopher Nolan'), ('0634300', 'Jonathan Nolan')]","[('0001602', 'Guy Pearce'), ('0005251', 'Carrie-Anne Moss'), ('0001592', 'Joe Pantoliano')]",25544867
0910970,WALL·E,2008,G,98,"['Animation', 'Adventure', 'Family']","[('0004056', 'Andrew Stanton')]","[('0004056', 'Andrew Stanton'), ('0230032', 'Pete Docter'), ('0714114', 'Jim Reardon')]","[('0123785', 'Ben Burtt'), ('2264184', 'Elissa Knight'), ('0307531', 'Jeff Garlin')]",223808164
0082971,Raiders of the Lost Ark,1981,PG,115,"['Action', 'Adventure']","[('0000229', 'Steven Spielberg')]","[('0001410', 'Lawrence Kasdan'), ('0000184', 'George Lucas'), ('0442241', 'Philip Kaufman')]","[('0000148', 'Harrison Ford'), ('0000261', 'Karen Allen'), ('0293550', 'Paul Freeman')]",248159971
0405094,Das Leben der Anderen,2006,R,137,"['Drama', 'Mystery', 'Thriller']","[('0003697', 'Florian Henckel von Donnersmarck')]","[('0003697', 'Florian Henckel von Donnersmarck')]","[('0618057', 'Ulrich Mühe'), ('0311476', 'Martina Gedeck'), ('0462407', 'Sebastian Koch')]",11286112
0043014,Sunset Blvd.,1950,Passed,110,"['Drama', 'Film-Noir']","[('0000697', 'Billy Wilder')]","[('0102818', 'Charles Brackett'), ('0000697', 'Billy Wilder'), ('0551261', 'D.M. Marshman Jr.')]","[('0000034', 'William Holden'), ('0841797', 'Gloria Swanson'), ('0002233', 'Erich von Stroheim')]",299645
0050825,Paths of Glory,1957,Approved,88,"['Drama', 'War']","[('0000040', 'Stanley Kubrick')]","[('0000040', 'Stanley Kubrick'), ('0932229', 'Calder Willingham'), ('0860292', 'Jim Thompson')]","[('0000018', 'Kirk Douglas'), ('0576127', 'Ralph Meeker'), ('0579663', 'Adolphe Menjou')]",
4154756,Avengers: Infinity War,2018,PG-13,149,"['Action', 'Adventure', 'Sci-Fi']","[('0751577', 'Anthony Russo'), ('0751648', 'Joe Russo')]","[('1321655', 'Christopher Markus'), ('1321656', 'Stephen McFeely'), ('0498278', 'Stan Lee')]","[('0000375', 'Robert Downey Jr.'), ('1165110', 'Chris Hemsworth'), ('0749263', 'Mark Ruffalo')]",678815482
4633694,Spider-Man: Into the Spider-Verse,2018,PG,117,"['Animation', 'Action', 'Adventure']","[('2130108', 'Bob Persichetti'), ('0709056', 'Peter Ramsey'), ('0745247', 'Rodney Rothman')]","[('0520488', 'Phil Lord'), ('0745247', 'Rodney Rothman')]","[('4271336', 'Shameik Moore'), ('2159926', 'Jake Johnson'), ('2794962', 'Hailee Steinfeld')]",190241310
0081505,The Shining,1980,R,146,"['Drama', 'Horror']","[('0000040', 'Stanley Kubrick')]","[('0000175', 'Stephen King'), ('0000040', 'Stanley Kubrick'), ('0424956', 'Diane Johnson')]","[('0000197', 'Jack Nicholson'), ('0001167', 'Shelley Duvall'), ('0515950', 'Danny Lloyd')]",45634352
0051201,Witness for the Prosecution,1957,Approved,116,"['Crime', 'Drama', 'Mystery']","[('0000697', 'Billy Wilder')]","[('0002005', 'Agatha Christie'), ('0000697', 'Billy Wilder'), ('0475823', 'Harry Kurnitz')]","[('0000061', 'Tyrone Power'), ('0000017', 'Marlene Dietrich'), ('0001452', 'Charles Laughton')]",
0032553,The Great Dictator,1940,G,125,"['Comedy', 'Drama', 'War']","[('0000122', 'Charles Chaplin')]","[('0000122', 'Charles Chaplin')]","[('0000122', 'Charles Chaplin'), ('0002104', 'Paulette Goddard'), ('0642988', 'Jack Oakie')]",
0090605,Aliens,1986,R,137,"['Action', 'Adventure', 'Sci-Fi']","[('0000116', 'James Cameron')]","[('0000116', 'James Cameron'), ('0318429', 'David Giler'), ('0001353', 'Walter Hill')]","[('0000244', 'Sigourney Weaver'), ('0000299', 'Michael Biehn'), ('0001343', 'Carrie Henn')]",85160248
0361748,Inglourious Basterds,2009,R,153,"['Adventure', 'Drama', 'War']","[('0000233', 'Quentin Tarantino')]","[('0000233', 'Quentin Tarantino')]","[('0000093', 'Brad Pitt'), ('1208167', 'Diane Kruger'), ('0744834', 'Eli Roth')]",120540719
1345836,The Dark Knight Rises,2012,PG-13,164,"['Action', 'Drama', 'Thriller']","[('0634240', 'Christopher Nolan')]","[('0634300', 'Jonathan Nolan'), ('0634240', 'Christopher Nolan'), ('0275286', 'David S. Goyer')]","[('0000288', 'Christian Bale'), ('0362766', 'Tom Hardy'), ('0004266', 'Anne Hathaway')]",448149584
0169547,American Beauty,1999,R,122,['Drama'],"[('0005222', 'Sam Mendes')]","[('0050332', 'Alan Ball')]","[('0000228', 'Kevin Spacey'), ('0000906', 'Annette Bening'), ('0000301', 'Thora Birch')]",130096601
0057012,Dr. Strangelove or: How I Learned to Stop Worrying and Love the Bomb,1964,PG,95,"['Comedy', 'War']","[('0000040', 'Stanley Kubrick')]","[('0000040', 'Stanley Kubrick'), ('0816143', 'Terry Southern'), ('0313570', 'Peter George')]","[('0000634', 'Peter Sellers'), ('0001715', 'George C. Scott'), ('0001330', 'Sterling Hayden')]",9440272
0364569,Oldeuboi,2003,R,120,"['Action', 'Drama', 'Mystery']","[('0661791', 'Park Chan-wook')]","[('1628380', 'Garon Tsuchiya'), ('2057405', 'Nobuaki Minegishi'), ('0661791', 'Park Chan-wook')]","[('0158856', 'Choi Min-sik'), ('0949167', 'Yoo Ji-tae'), ('1367246', 'Kang Hye-jeong')]",2458200
2380307,Coco,2017,PG,105,"['Animation', 'Adventure', 'Drama']","[('0881279', 'Lee Unkrich'), ('2937122', 'Adrian Molina')]","[('0881279', 'Lee Unkrich'), ('0441735', 'Jason Katz'), ('0017690', 'Matthew Aldrich')]","[('5645519', 'Anthony Gonzalez'), ('0305558', 'Gael García Bernal'), ('0000973', 'Benjamin Bratt')]",210460015
0086879,Amadeus,1984,PG,160,"['Biography', 'Drama', 'Music']","[('0001232', 'Milos Forman')]","[('0787323', 'Peter Shaffer'), ('0537004', 'Zdenek Mahler')]","[('0000719', 'F. Murray Abraham'), ('0001371', 'Tom Hulce'), ('0000931', 'Elizabeth Berridge')]",51973029
0114709,Toy Story,1995,G,81,"['Animation', 'Adventure', 'Comedy']","[('0005124', 'John Lasseter')]","[('0005124', 'John Lasseter'), ('0230032', 'Pete Docter'), ('0004056', 'Andrew Stanton')]","[('0000158', 'Tom Hanks'), ('0000741', 'Tim Allen'), ('0725543', 'Don Rickles')]",223225679
15398776,Oppenheimer,2023,R,180,"['Biography', 'Drama', 'History']","[('0634240', 'Christopher Nolan')]","[('0634240', 'Christopher Nolan'), ('3284831', 'Kai Bird'), ('2452558', 'Martin Sherwin')]","[('0614165', 'Cillian Murphy'), ('1289434', 'Emily Blunt'), ('0000354', 'Matt Damon')]",327159435
0082096,Das Boot,1981,,149,"['Drama', 'War']","[('0000583', 'Wolfgang Petersen')]","[('0000583', 'Wolfgang Petersen'), ('0118164', 'Lothar G. Buchheim')]","[('0001638', 'Jürgen Prochnow'), ('0344963', 'Herbert Grönemeyer'), ('0921044', 'Klaus Wennemann')]",11487676
0112573,Braveheart,1995,R,178,"['Biography', 'Drama', 'History']","[('0000154', 'Mel Gibson')]","[('0908824', 'Randall Wallace')]","[('0000154', 'Mel Gibson'), ('0000521', 'Sophie Marceau'), ('0001526', 'Patrick McGoohan')]",75609945
4154796,Avengers: Endgame,2019,PG-13,181,"['Action', 'Adventure', 'Drama']","[('0751577', 'Anthony Russo'), ('0751648', 'Joe Russo')]","[('1321655', 'Christopher Markus'), ('1321656', 'Stephen McFeely'), ('0498278', 'Stan Lee')]","[('0000375', 'Robert Downey Jr.'), ('0262635', 'Chris Evans'), ('0749263', 'Mark Ruffalo')]",858373000
7286456,Joker,2019,R,122,"['Crime', 'Drama', 'Thriller']","[('0680846', 'Todd Phillips')]","[('0680846', 'Todd Phillips'), ('0798788', 'Scott Silver'), ('0004170', 'Bob Kane')]","[('0001618', 'Joaquin Phoenix'), ('0000134', 'Robert De Niro'), ('5939164', 'Zazie Beetz')]",335477657
0119698,Mononoke-hime,1997,PG-13,134,"['Animation', 'Action', 'Adventure']","[('0594503', 'Hayao Miyazaki')]","[('0594503', 'Hayao Miyazaki'), ('0301274', 'Neil Gaiman')]","[('0559444', 'Yôji Matsuda'), ('0410942', 'Yuriko Ishida'), ('0849100', 'Yûko Tanaka')]",4845631
0119217,Good Will Hunting,1997,R,126,"['Drama', 'Romance']","[('0001814', 'Gus Van Sant')]","[('0000354', 'Matt Damon'), ('0000255', 'Ben Affleck')]","[('0000245', 'Robin Williams'), ('0000354', 'Matt Damon'), ('0000255', 'Ben Affleck')]",138433435
5311514,Kimi no na wa.,2016,TV-PG,106,"['Animation', 'Drama', 'Fantasy']","[('1396121', 'Makoto Shinkai')]","[('1396121', 'Makoto Shinkai'), ('1038805', 'Clark Cheng')]","[('1126340', 'Ryunosuke Kamiki'), ('4759838', 'Mone Kamishiraishi'), ('6954008', 'Ryo Narita')]",5017246
0087843,Once Upon a Time in America,1984,R,229,"['Crime', 'Drama']","[('0001466', 'Sergio Leone')]","[('0340580', 'Harry Grey'), ('0073053', 'Leonardo Benvenuti'), ('0207401', 'Piero De Bernardi')]","[('0000134', 'Robert De Niro'), ('0000249', 'James Woods'), ('0001527', 'Elizabeth McGovern')]",5321508
1187043,3 Idiots,2009,PG-13,170,"['Comedy', 'Drama']","[('0386246', 'Rajkumar Hirani')]","[('0430785', 'Abhijat Joshi'), ('0386246', 'Rajkumar Hirani'), ('0006765', 'Vidhu Vinod Chopra')]","[('0451148', 'Aamir Khan'), ('0534856', 'Madhavan'), ('1587175', 'Mona Singh')]",6532874
0057565,Tengoku to jigoku,1963,Not Rated,143,"['Crime', 'Drama', 'Mystery']","[('0000041', 'Akira Kurosawa')]","[('0644823', 'Hideo Oguni'), ('0452878', 'Ryûzô Kikushima'), ('0386750', 'Eijirô Hisaita')]","[('0001536', 'Toshirô Mifune'), ('0755403', 'Yutaka Sada'), ('0619938', 'Tatsuya Nakadai')]",46808
0045152,Singin' in the Rain,1952,G,103,"['Comedy', 'Musical', 'Romance']","[('0002045', 'Stanley Donen'), ('0000037', 'Gene Kelly')]","[('0173679', 'Betty Comden'), ('0337582', 'Adolph Green')]","[('0000037', 'Gene Kelly'), ('0640307', ""Donald O'Connor""), ('0001666', 'Debbie Reynolds')]",1884537
8267604,Capharnaüm,2018,R,126,['Drama'],"[('1701024', 'Nadine Labaki')]","[('1701024', 'Nadine Labaki'), ('2764802', 'Jihad Hojeily'), ('9878616', 'Michelle Keserwany')]","[('9862858', 'Zain Al Rafeea'), ('9862859', 'Yordanos Shiferaw'), ('9862860', 'Boluwatife Treasure Bankole')]",1661096
0180093,Requiem for a Dream,2000,Unrated,102,['Drama'],"[('0004716', 'Darren Aronofsky')]","[('0782968', 'Hubert Selby Jr.'), ('0004716', 'Darren Aronofsky')]","[('0000995', 'Ellen Burstyn'), ('0001467', 'Jared Leto'), ('0000124', 'Jennifer Connelly')]",3635482
0091251,Idi i smotri,1985,Not Rated,142,"['Drama', 'Thriller', 'War']","[('0459552', 'Elem Klimov')]","[('0010696', 'Ales Adamovich'), ('0459552', 'Elem Klimov')]","[('0470385', 'Aleksey Kravchenko'), ('0592500', 'Olga Mironova'), ('0490708', 'Liubomiras Laucevicius')]",71909
0435761,Toy Story 3,2010,G,103,"['Animation', 'Adventure', 'Comedy']","[('0881279', 'Lee Unkrich')]","[('0005124', 'John Lasseter'), ('0004056', 'Andrew Stanton'), ('0881279', 'Lee Unkrich')]","[('0000158', 'Tom Hanks'), ('0000741', 'Tim Allen'), ('0000349', 'Joan Cusack')]",415004880
0086190,Star Wars: Episode VI - Return of the Jedi,1983,PG,131,"['Action', 'Adventure', 'Fantasy']","[('0549658', 'Richard Marquand')]","[('0001410', 'Lawrence Kasdan'), ('0000184', 'George Lucas')]","[('0000434', 'Mark Hamill'), ('0000148', 'Harrison Ford'), ('0000402', 'Carrie Fisher')]",316566101
0338013,Eternal Sunshine of the Spotless Mind,2004,R,108,"['Drama', 'Romance', 'Sci-Fi']","[('0327273', 'Michel Gondry')]","[('0442109', 'Charlie Kaufman'), ('0327273', 'Michel Gondry'), ('1410028', 'Pierre Bismuth')]","[('0000120', 'Jim Carrey'), ('0000701', 'Kate Winslet'), ('0929489', 'Tom Wilkinson')]",34400301
2106476,Jagten,2012,R,115,['Drama'],"[('0899121', 'Thomas Vinterberg')]","[('0899121', 'Thomas Vinterberg'), ('2105585', 'Tobias Lindholm')]","[('0586568', 'Mads Mikkelsen'), ('0488917', 'Thomas Bo Larsen'), ('5038871', 'Annika Wedderkopp')]",613308
0062622,2001: A Space Odyssey,1968,G,149,"['Adventure', 'Sci-Fi']","[('0000040', 'Stanley Kubrick')]","[('0000040', 'Stanley Kubrick'), ('0002009', 'Arthur C. Clarke')]","[('0001158', 'Keir Dullea'), ('0516972', 'Gary Lockwood'), ('0843213', 'William Sylvester')]",60481243
0105236,Reservoir Dogs,1992,R,99,"['Crime', 'Thriller']","[('0000233', 'Quentin Tarantino')]","[('0000233', 'Quentin Tarantino'), ('0000812', 'Roger Avary')]","[('0000172', 'Harvey Keitel'), ('0000619', 'Tim Roth'), ('0000514', 'Michael Madsen')]",2832029
0044741,Ikiru,1952,Not Rated,143,['Drama'],"[('0000041', 'Akira Kurosawa')]","[('0000041', 'Akira Kurosawa'), ('0368074', 'Shinobu Hashimoto'), ('0644823', 'Hideo Oguni')]","[('0793766', 'Takashi Shimura'), ('0437520', 'Nobuo Kaneko'), ('0385443', ""Shin'ichi Himori"")]",60239
0056172,Lawrence of Arabia,1962,Approved,218,"['Adventure', 'Biography', 'Drama']","[('0000180', 'David Lean')]","[('0004122', 'Robert Bolt'), ('0933858', 'Michael Wilson')]","[('0000564', ""Peter O'Toole""), ('0000027', 'Alec Guinness'), ('0000063', 'Anthony Quinn')]",45306425
0053604,The Apartment,1960,Approved,125,"['Comedy', 'Drama', 'Romance']","[('0000697', 'Billy Wilder')]","[('0000697', 'Billy Wilder'), ('0224634', 'I.A.L. Diamond')]","[('0000493', 'Jack Lemmon'), ('0000511', 'Shirley MacLaine'), ('0534045', 'Fred MacMurray')]",18600000
0033467,Citizen Kane,1941,PG,119,"['Drama', 'Mystery']","[('0000080', 'Orson Welles')]","[('0542534', 'Herman J. Mankiewicz'), ('0000080', 'Orson Welles'), ('0002144', 'John Houseman')]","[('0000080', 'Orson Welles'), ('0001072', 'Joseph Cotten'), ('0173827', 'Dorothy Comingore')]",1627530
0053125,North by Northwest,1959,Approved,136,"['Action', 'Adventure', 'Mystery']","[('0000033', 'Alfred Hitchcock')]","[('0499626', 'Ernest Lehman')]","[('0000026', 'Cary Grant'), ('0001693', 'Eva Marie Saint'), ('0000051', 'James Mason')]",66728
0022100,M - Eine Stadt sucht einen Mörder,1931,Passed,117,"['Crime', 'Mystery', 'Thriller']","[('0000485', 'Fritz Lang')]","[('0902376', 'Thea von Harbou'), ('0000485', 'Fritz Lang'), ('0414825', 'Egon Jacobsohn')]","[('0000048', 'Peter Lorre'), ('0927145', 'Ellen Widmann'), ('0484737', 'Inge Landgut')]",35566
0052357,Vertigo,1958,PG,128,"['Mystery', 'Romance', 'Thriller']","[('0000033', 'Alfred Hitchcock')]","[('0178785', 'Alec Coppel'), ('0853138', 'Samuel A. Taylor'), ('0092267', 'Pierre Boileau')]","[('0000071', 'James Stewart'), ('0001571', 'Kim Novak'), ('0000895', 'Barbara Bel Geddes')]",7705225
0036775,Double Indemnity,1944,Passed,107,"['Crime', 'Drama', 'Film-Noir']","[('0000697', 'Billy Wilder')]","[('0000697', 'Billy Wilder'), ('0151452', 'Raymond Chandler'), ('0128906', 'James M. Cain')]","[('0534045', 'Fred MacMurray'), ('0001766', 'Barbara Stanwyck'), ('0000064', 'Edward G. Robinson')]",
0086250,Scarface,1983,18+,170,"['Crime', 'Drama']","[('0000361', 'Brian De Palma')]","[('0000231', 'Oliver Stone'), ('0001328', 'Howard Hawks'), ('0372942', 'Ben Hecht')]","[('0000199', 'Al Pacino'), ('0000201', 'Michelle Pfeiffer'), ('0000874', 'Steven Bauer')]",45967303
0211915,Le fabuleux destin d'Amélie Poulain,2001,R,122,"['Comedy', 'Romance']","[('0000466', 'Jean-Pierre Jeunet')]","[('0491011', 'Guillaume Laurant'), ('0000466', 'Jean-Pierre Jeunet')]","[('0851582', 'Audrey Tautou'), ('0440913', 'Mathieu Kassovitz'), ('0749363', 'Rufus')]",33225499
1255953,Incendies,2010,R,131,"['Drama', 'Mystery', 'War']","[('0898288', 'Denis Villeneuve')]","[('0898288', 'Denis Villeneuve'), ('1416431', 'Wajdi Mouawad'), ('4034068', 'Valérie Beaugrand-Champagne')]","[('0044073', 'Lubna Azabal'), ('0246386', 'Mélissa Désormeaux-Poulin'), ('0309945', 'Maxim Gaudette')]",2071334
0093058,Full Metal Jacket,1987,R,116,"['Drama', 'War']","[('0000040', 'Stanley Kubrick')]","[('0000040', 'Stanley Kubrick'), ('0380282', 'Michael Herr'), ('0368007', 'Gustav Hasford')]","[('0000546', 'Matthew Modine'), ('0000388', 'R. Lee Ermey'), ('0000352', ""Vincent D'Onofrio"")]",46357676
0066921,A Clockwork Orange,1971,X,136,"['Crime', 'Sci-Fi']","[('0000040', 'Stanley Kubrick')]","[('0000040', 'Stanley Kubrick'), ('0121256', 'Anthony Burgess')]","[('0000532', 'Malcolm McDowell'), ('0535861', 'Patrick Magee'), ('0060988', 'Michael Bates')]",26617553
0113277,Heat,1995,R,170,"['Action', 'Crime', 'Drama']","[('0000520', 'Michael Mann')]","[('0000520', 'Michael Mann')]","[('0000199', 'Al Pacino'), ('0000134', 'Robert De Niro'), ('0000174', 'Val Kilmer')]",67436818
1049413,Up,2009,PG,96,"['Animation', 'Adventure', 'Comedy']","[('0230032', 'Pete Docter'), ('0677037', 'Bob Peterson')]","[('0230032', 'Pete Docter'), ('0677037', 'Bob Peterson'), ('0565336', 'Tom McCarthy')]","[('0000799', 'Edward Asner'), ('2973712', 'Jordan Nagai'), ('0001652', 'John Ratzenberger')]",293004164
14230458,Poor Things,2023,R,141,"['Comedy', 'Drama', 'Romance']","[('0487166', 'Yorgos Lanthimos')]","[('1110111', 'Tony McNamara'), ('1206865', 'Alasdair Gray')]","[('1297015', 'Emma Stone'), ('0749263', 'Mark Ruffalo'), ('0000353', 'Willem Dafoe')]",21744797
0056592,To Kill a Mockingbird,1962,Approved,129,"['Crime', 'Drama']","[('0612322', 'Robert Mulligan')]","[('0497369', 'Harper Lee'), ('0285210', 'Horton Foote')]","[('0000060', 'Gregory Peck'), ('0576345', 'John Megna'), ('0653942', 'Frank Overton')]",592237
0070735,The Sting,1973,PG,129,"['Comedy', 'Crime', 'Drama']","[('0001351', 'George Roy Hill')]","[('0911486', 'David S. Ward')]","[('0000056', 'Paul Newman'), ('0000602', 'Robert Redford'), ('0001727', 'Robert Shaw')]",156000000
1832382,Jodaeiye Nader az Simin,2011,PG-13,123,['Drama'],"[('1410815', 'Asghar Farhadi')]","[('1410815', 'Asghar Farhadi')]","[('1818216', 'Payman Maadi'), ('0368689', 'Leila Hatami'), ('4299147', 'Sareh Bayat')]",7099055
0097576,Indiana Jones and the Last Crusade,1989,PG-13,127,"['Action', 'Adventure']","[('0000229', 'Steven Spielberg')]","[('0090151', 'Jeffrey Boam'), ('0000184', 'George Lucas'), ('0583675', 'Menno Meyjes')]","[('0000148', 'Harrison Ford'), ('0000125', 'Sean Connery'), ('0233145', 'Alison Doody')]",197171806
8503618,Hamilton,2020,PG-13,160,"['Biography', 'Drama', 'History']","[('2371802', 'Thomas Kail')]","[('0592135', 'Lin-Manuel Miranda'), ('2375857', 'Ron Chernow')]","[('0592135', 'Lin-Manuel Miranda'), ('5623883', 'Phillipa Soo'), ('1502434', 'Leslie Odom Jr.')]",
0095016,Die Hard,1988,R,132,"['Action', 'Thriller']","[('0001532', 'John McTiernan')]","[('0861636', 'Roderick Thorp'), ('0835732', 'Jeb Stuart'), ('0211823', 'Steven E. de Souza')]","[('0000246', 'Bruce Willis'), ('0000614', 'Alan Rickman'), ('0000889', 'Bonnie Bedelia')]",85892546
0017136,Metropolis,1927,Not Rated,153,"['Drama', 'Sci-Fi']","[('0000485', 'Fritz Lang')]","[('0902376', 'Thea von Harbou'), ('0000485', 'Fritz Lang')]","[('0375609', 'Brigitte Helm'), ('0002154', 'Alfred Abel'), ('0297054', 'Gustav Fröhlich')]",1236166
0986264,Taare Zameen Par,2007,PG,162,"['Drama', 'Family']","[('0451148', 'Aamir Khan'), ('1244760', 'Amole Gupte')]","[('1244760', 'Amole Gupte')]","[('2594301', 'Darsheel Safary'), ('0451148', 'Aamir Khan'), ('2540053', 'Tanay Chheda')]",1223869
0208092,Snatch,2000,R,104,"['Comedy', 'Crime']","[('0005363', 'Guy Ritchie')]","[('0005363', 'Guy Ritchie')]","[('0005458', 'Jason Statham'), ('0000093', 'Brad Pitt'), ('0334318', 'Stephen Graham')]",30328156
0040522,Ladri di biciclette,1948,Not Rated,89,['Drama'],"[('0001120', 'Vittorio De Sica')]","[('0953790', 'Cesare Zavattini'), ('0059030', 'Luigi Bartolini'), ('0080755', 'Oreste Biancoli')]","[('0536009', 'Lamberto Maggiorani'), ('0821543', 'Enzo Staiola'), ('0136794', 'Lianella Carell')]",371111
0119488,L.A. Confidential,1997,R,138,"['Crime', 'Drama', 'Mystery']","[('0000436', 'Curtis Hanson')]","[('0255278', 'James Ellroy'), ('0001338', 'Brian Helgeland'), ('0000436', 'Curtis Hanson')]","[('0000228', 'Kevin Spacey'), ('0000128', 'Russell Crowe'), ('0001602', 'Guy Pearce')]",64616940
8579674,1917,2019,R,119,"['Action', 'Drama', 'War']","[('0005222', 'Sam Mendes')]","[('0005222', 'Sam Mendes'), ('4880670', 'Krysty Wilson-Cairns')]","[('2835616', 'Dean-Charles Chapman'), ('1126657', 'George MacKay'), ('0990547', 'Daniel Mays')]",159227644
0075314,Taxi Driver,1976,R,114,"['Crime', 'Drama']","[('0000217', 'Martin Scorsese')]","[('0001707', 'Paul Schrader')]","[('0000134', 'Robert De Niro'), ('0000149', 'Jodie Foster'), ('0001732', 'Cybill Shepherd')]",28262574
0363163,Der Untergang,2004,R,156,"['Biography', 'Drama', 'History']","[('0386570', 'Oliver Hirschbiegel')]","[('0251536', 'Bernd Eichinger'), ('0275264', 'Joachim Fest'), ('0432622', 'Traudl Junge')]","[('0004486', 'Bruno Ganz'), ('0487884', 'Alexandra Maria Lara'), ('0559890', 'Ulrich Matthes')]",5509040
5074352,Dangal,2016,Not Rated,161,"['Action', 'Biography', 'Drama']","[('4318159', 'Nitesh Tiwari')]","[('6328029', 'Piyush Gupta'), ('6328031', 'Shreyas Jain'), ('6328030', 'Nikhil Mehrotra')]","[('0451148', 'Aamir Khan'), ('2799219', 'Sakshi Tanwar'), ('0760778', 'Fatima Sana Shaikh')]",12391761
0059578,Per qualche dollaro in più,1965,R,132,"['Drama', 'Western']","[('0001466', 'Sergio Leone')]","[('0001466', 'Sergio Leone'), ('0607694', 'Fulvio Morsella'), ('0898812', 'Luciano Vincenzoni')]","[('0000142', 'Clint Eastwood'), ('0001812', 'Lee Van Cleef'), ('0002231', 'Gian Maria Volontè')]",15000000
0372784,Batman Begins,2005,PG-13,140,"['Action', 'Crime', 'Drama']","[('0634240', 'Christopher Nolan')]","[('0004170', 'Bob Kane'), ('0275286', 'David S. Goyer'), ('0634240', 'Christopher Nolan')]","[('0000288', 'Christian Bale'), ('0000323', 'Michael Caine'), ('0913822', 'Ken Watanabe')]",206863479
0053291,Some Like It Hot,1959,Passed,121,"['Comedy', 'Music', 'Romance']","[('0000697', 'Billy Wilder')]","[('0000697', 'Billy Wilder'), ('0224634', 'I.A.L. Diamond'), ('0858329', 'Robert Thoeren')]","[('0000054', 'Marilyn Monroe'), ('0000348', 'Tony Curtis'), ('0000493', 'Jack Lemmon')]",
0993846,The Wolf of Wall Street,2013,R,180,"['Biography', 'Comedy', 'Crime']","[('0000217', 'Martin Scorsese')]","[('1010540', 'Terence Winter'), ('0067789', 'Jordan Belfort')]","[('0000138', 'Leonardo DiCaprio'), ('1706767', 'Jonah Hill'), ('3053338', 'Margot Robbie')]",116900694
0012349,The Kid,1921,Passed,68,"['Comedy', 'Drama', 'Family']","[('0000122', 'Charles Chaplin')]","[('0000122', 'Charles Chaplin')]","[('0000122', 'Charles Chaplin'), ('0701012', 'Edna Purviance'), ('0001067', 'Jackie Coogan')]",
6966692,Green Book,2018,PG-13,130,"['Biography', 'Comedy', 'Drama']","[('0268380', 'Peter Farrelly')]","[('0885014', 'Nick Vallelonga'), ('0192942', 'Brian Hayes Currie'), ('0268380', 'Peter Farrelly')]","[('0001557', 'Viggo Mortensen'), ('0991810', 'Mahershala Ali'), ('0004802', 'Linda Cardellini')]",85080171
10272386,The Father,2020,PG-13,97,"['Drama', 'Mystery']","[('1725469', 'Florian Zeller')]","[('0358960', 'Christopher Hampton'), ('1725469', 'Florian Zeller')]","[('0000164', 'Anthony Hopkins'), ('1469236', 'Olivia Colman'), ('0309693', 'Mark Gatiss')]",2122771
1745960,Top Gun: Maverick,2022,PG-13,130,"['Action', 'Drama']","[('2676052', 'Joseph Kosinski')]","[('0143596', 'Jim Cash'), ('0258390', 'Jack Epps Jr.'), ('0185976', 'Peter Craig')]","[('0000129', 'Tom Cruise'), ('0000124', 'Jennifer Connelly'), ('1886602', 'Miles Teller')]",718732821
0042192,All About Eve,1950,Passed,138,['Drama'],"[('0000581', 'Joseph L. Mankiewicz')]","[('0000581', 'Joseph L. Mankiewicz'), ('0650581', 'Mary Orr')]","[('0000012', 'Bette Davis'), ('0000879', 'Anne Baxter'), ('0001695', 'George Sanders')]",63463
0055031,Judgment at Nuremberg,1961,Approved,179,"['Drama', 'War']","[('0006452', 'Stanley Kramer')]","[('0542631', 'Abby Mann'), ('0001050', 'Montgomery Clift')]","[('0000075', 'Spencer Tracy'), ('0000044', 'Burt Lancaster'), ('0001847', 'Richard Widmark')]",
0120382,The Truman Show,1998,PG,103,"['Comedy', 'Drama']","[('0001837', 'Peter Weir')]","[('0629272', 'Andrew Niccol')]","[('0000120', 'Jim Carrey'), ('0000438', 'Ed Harris'), ('0001473', 'Laura Linney')]",125618201
0469494,There Will Be Blood,2007,R,158,['Drama'],"[('0000759', 'Paul Thomas Anderson')]","[('0000759', 'Paul Thomas Anderson'), ('0801737', 'Upton Sinclair')]","[('0000358', 'Daniel Day-Lewis'), ('0200452', 'Paul Dano'), ('0001354', 'Ciarán Hinds')]",40222514
1130884,Shutter Island,2010,R,138,"['Mystery', 'Thriller']","[('0000217', 'Martin Scorsese')]","[('0436164', 'Laeta Kalogridis'), ('1212331', 'Dennis Lehane')]","[('0000138', 'Leonardo DiCaprio'), ('0607865', 'Emily Mortimer'), ('0749263', 'Mark Ruffalo')]",128012934
0112641,Casino,1995,R,178,"['Crime', 'Drama']","[('0000217', 'Martin Scorsese')]","[('0683380', 'Nicholas Pileggi'), ('0000217', 'Martin Scorsese')]","[('0000134', 'Robert De Niro'), ('0000232', 'Sharon Stone'), ('0000582', 'Joe Pesci')]",42512375
0089881,Ran,1985,R,160,"['Action', 'Drama', 'War']","[('0000041', 'Akira Kurosawa')]","[('0000041', 'Akira Kurosawa'), ('0644823', 'Hideo Oguni'), ('0406836', 'Masato Ide')]","[('0619938', 'Tatsuya Nakadai'), ('0855417', 'Akira Terao'), ('0628704', 'Jinpachi Nezu')]",4135750
0107290,Jurassic Park,1993,PG-13,127,"['Action', 'Adventure', 'Sci-Fi']","[('0000229', 'Steven Spielberg')]","[('0000341', 'Michael Crichton'), ('0462895', 'David Koepp')]","[('0000554', 'Sam Neill'), ('0000368', 'Laura Dern'), ('0000156', 'Jeff Goldblum')]",407185075
0457430,El laberinto del fauno,2006,R,118,"['Drama', 'Fantasy', 'War']","[('0868219', 'Guillermo del Toro')]","[('0868219', 'Guillermo del Toro')]","[('1419440', 'Ivana Baquero'), ('0317725', 'Ariadna Gil'), ('0530365', 'Sergi López')]",37646380
0167404,The Sixth Sense,1999,PG-13,107,"['Drama', 'Mystery', 'Thriller']","[('0796117', 'M. Night Shyamalan')]","[('0796117', 'M. Night Shyamalan')]","[('0000246', 'Bruce Willis'), ('0005286', 'Haley Joel Osment'), ('0001057', 'Toni Collette')]",293506292
0105695,Unforgiven,1992,R,130,"['Drama', 'Western']","[('0000142', 'Clint Eastwood')]","[('0672459', 'David Webb Peoples')]","[('0000142', 'Clint Eastwood'), ('0000432', 'Gene Hackman'), ('0000151', 'Morgan Freeman')]",101167799
0268978,A Beautiful Mind,2001,PG-13,135,"['Biography', 'Drama', 'Mystery']","[('0000165', 'Ron Howard')]","[('0326040', 'Akiva Goldsman'), ('0621586', 'Sylvia Nasar')]","[('0000128', 'Russell Crowe'), ('0000438', 'Ed Harris'), ('0000124', 'Jennifer Connelly')]",170742341
0477348,No Country for Old Men,2007,R,122,"['Crime', 'Drama', 'Thriller']","[('0001053', 'Ethan Coen'), ('0001054', 'Joel Coen')]","[('0001054', 'Joel Coen'), ('0001053', 'Ethan Coen'), ('0565092', 'Cormac McCarthy')]","[('0000169', 'Tommy Lee Jones'), ('0000849', 'Javier Bardem'), ('0000982', 'Josh Brolin')]",74283625
0040897,The Treasure of the Sierra Madre,1948,Passed,126,"['Adventure', 'Drama', 'Western']","[('0001379', 'John Huston')]","[('0001379', 'John Huston'), ('0871252', 'B. Traven')]","[('0000007', 'Humphrey Bogart'), ('0404158', 'Walter Huston'), ('0392529', 'Tim Holt')]",5014000
0055630,Yôjinbô,1961,Not Rated,110,"['Action', 'Drama', 'Thriller']","[('0000041', 'Akira Kurosawa')]","[('0000041', 'Akira Kurosawa'), ('0452878', 'Ryûzô Kikushima')]","[('0001536', 'Toshirô Mifune'), ('0867391', 'Eijirô Tôno'), ('0619938', 'Tatsuya Nakadai')]",46808
0084787,The Thing,1982,R,109,"['Horror', 'Mystery', 'Sci-Fi']","[('0000118', 'John Carpenter')]","[('0484111', 'Bill Lancaster'), ('0132168', 'John W. Campbell Jr.')]","[('0000621', 'Kurt Russell'), ('0000979', 'Wilford Brimley'), ('0202966', 'Keith David')]",19857465
0266697,Kill Bill: Vol. 1,2003,R,111,"['Action', 'Crime', 'Thriller']","[('0000233', 'Quentin Tarantino')]","[('0000233', 'Quentin Tarantino'), ('0000235', 'Uma Thurman')]","[('0000235', 'Uma Thurman'), ('0001016', 'David Carradine'), ('0000435', 'Daryl Hannah')]",70099045
0071853,Monty Python and the Holy Grail,1975,PG,91,"['Adventure', 'Comedy', 'Fantasy']","[('0000416', 'Terry Gilliam'), ('0001402', 'Terry Jones')]","[('0001037', 'Graham Chapman'), ('0000092', 'John Cleese'), ('0001385', 'Eric Idle')]","[('0001037', 'Graham Chapman'), ('0000092', 'John Cleese'), ('0001385', 'Eric Idle')]",2562392
0057115,The Great Escape,1963,Approved,172,"['Adventure', 'Drama', 'History']","[('0836328', 'John Sturges')]","[('0108595', 'Paul Brickhill'), ('0165412', 'James Clavell'), ('0122446', 'W.R. Burnett')]","[('0000537', 'Steve McQueen'), ('0001258', 'James Garner'), ('0000277', 'Richard Attenborough')]",
0266543,Finding Nemo,2003,G,100,"['Animation', 'Adventure', 'Comedy']","[('0004056', 'Andrew Stanton'), ('0881279', 'Lee Unkrich')]","[('0004056', 'Andrew Stanton'), ('0677037', 'Bob Peterson'), ('0721675', 'David Reynolds')]","[('0000983', 'Albert Brooks'), ('0001122', 'Ellen DeGeneres'), ('1071252', 'Alexander Gould')]",380843261
0042876,Rashômon,1950,Not Rated,88,"['Crime', 'Drama', 'Mystery']","[('0000041', 'Akira Kurosawa')]","[('0015611', 'Ryûnosuke Akutagawa'), ('0000041', 'Akira Kurosawa'), ('0368074', 'Shinobu Hashimoto')]","[('0001536', 'Toshirô Mifune'), ('0477553', 'Machiko Kyô'), ('0605270', 'Masayuki Mori')]",46808
0080678,The Elephant Man,1980,PG,124,"['Biography', 'Drama']","[('0000186', 'David Lynch')]","[('0212246', 'Christopher De Vore'), ('0075015', 'Eric Bergren'), ('0000186', 'David Lynch')]","[('0000164', 'Anthony Hopkins'), ('0000457', 'John Hurt'), ('0000843', 'Anne Bancroft')]",26010864
0347149,Hauru no ugoku shiro,2004,PG,119,"['Animation', 'Adventure', 'Family']","[('0594503', 'Hayao Miyazaki')]","[('0594503', 'Hayao Miyazaki'), ('1168510', 'Diana Wynne Jones')]","[('0047962', 'Chieko Baishô'), ('0454120', 'Takuya Kimura'), ('0309107', 'Tatsuya Gashûin')]",6789268
0071315,Chinatown,1974,R,130,"['Drama', 'Mystery', 'Thriller']","[('0000591', 'Roman Polanski')]","[('0001801', 'Robert Towne'), ('0000591', 'Roman Polanski')]","[('0000197', 'Jack Nicholson'), ('0001159', 'Faye Dunaway'), ('0001379', 'John Huston')]",29200000
1392214,Prisoners,2013,R,153,"['Crime', 'Drama', 'Mystery']","[('0898288', 'Denis Villeneuve')]","[('3360706', 'Aaron Guzikowski')]","[('0413168', 'Hugh Jackman'), ('0350453', 'Jake Gyllenhaal'), ('0205626', 'Viola Davis')]",61002302
0046912,Dial M for Murder,1954,PG,105,"['Crime', 'Thriller']","[('0000033', 'Alfred Hitchcock')]","[('0461425', 'Frederick Knott')]","[('0001537', 'Ray Milland'), ('0000038', 'Grace Kelly'), ('0191950', 'Robert Cummings')]",24845
0031381,Gone with the Wind,1939,Passed,238,"['Drama', 'Romance', 'War']","[('0281808', 'Victor Fleming'), ('0002030', 'George Cukor'), ('0939992', 'Sam Wood')]","[('0593565', 'Margaret Mitchell'), ('0397608', 'Sidney Howard'), ('0308177', 'Oliver H.P. Garrett')]","[('0000022', 'Clark Gable'), ('0000046', 'Vivien Leigh'), ('0593775', 'Thomas Mitchell')]",200882193
0434409,V for Vendetta,2005,R,132,"['Action', 'Drama', 'Sci-Fi']","[('0574625', 'James McTeigue')]","[('0905152', 'Lilly Wachowski'), ('0905154', 'Lana Wachowski'), ('2331222', 'David Lloyd')]","[('0915989', 'Hugo Weaving'), ('0000204', 'Natalie Portman'), ('0001291', 'Rupert Graves')]",70511035
0120735,"Lock, Stock and Two Smoking Barrels",1998,R,107,"['Action', 'Comedy', 'Crime']","[('0005363', 'Guy Ritchie')]","[('0005363', 'Guy Ritchie')]","[('0002076', 'Jason Flemyng'), ('0002077', 'Dexter Fletcher'), ('0602941', 'Nick Moran')]",3753929
1305806,El secreto de sus ojos,2009,R,129,"['Drama', 'Mystery', 'Romance']","[('0002728', 'Juan José Campanella')]","[('3160078', 'Eduardo Sacheri'), ('0002728', 'Juan José Campanella')]","[('0201857', 'Ricardo Darín'), ('0897845', 'Soledad Villamil'), ('0706567', 'Pablo Rago')]",6391436
0081398,Raging Bull,1980,R,129,"['Biography', 'Drama', 'Sport']","[('0000217', 'Martin Scorsese')]","[('0483766', 'Jake LaMotta'), ('0141734', 'Joseph Carter'), ('0678014', 'Peter Savage')]","[('0000134', 'Robert De Niro'), ('0001550', 'Cathy Moriarty'), ('0000582', 'Joe Pesci')]",23383987
2096673,Inside Out,2015,PG,95,"['Animation', 'Adventure', 'Comedy']","[('0230032', 'Pete Docter'), ('0215455', 'Ronnie Del Carmen')]","[('0230032', 'Pete Docter'), ('0215455', 'Ronnie Del Carmen'), ('0498834', 'Meg LeFauve')]","[('0688132', 'Amy Poehler'), ('0352778', 'Bill Hader'), ('0085400', 'Lewis Black')]",356921711
5027774,"Three Billboards Outside Ebbing, Missouri",2017,R,115,"['Comedy', 'Crime', 'Drama']","[('1732981', 'Martin McDonagh')]","[('1732981', 'Martin McDonagh')]","[('0000531', 'Frances McDormand'), ('0000437', 'Woody Harrelson'), ('0005377', 'Sam Rockwell')]",54513740
0117951,Trainspotting,1996,R,93,['Drama'],"[('0000965', 'Danny Boyle')]","[('0920543', 'Irvine Welsh'), ('0388076', 'John Hodge')]","[('0000191', 'Ewan McGregor'), ('0001971', 'Ewen Bremner'), ('0001538', 'Jonny Lee Miller')]",16491080
0050212,The Bridge on the River Kwai,1957,PG,161,"['Adventure', 'Drama', 'War']","[('0000180', 'David Lean')]","[('0099541', 'Pierre Boulle'), ('0286025', 'Carl Foreman'), ('0933858', 'Michael Wilson')]","[('0000034', 'William Holden'), ('0000027', 'Alec Guinness'), ('0370144', 'Jack Hawkins')]",27200000
10872600,Spider-Man: No Way Home,2021,PG-13,148,"['Action', 'Adventure', 'Fantasy']","[('1218281', 'Jon Watts')]","[('0571344', 'Chris McKenna'), ('1273099', 'Erik Sommers'), ('0498278', 'Stan Lee')]","[('4043618', 'Tom Holland'), ('3918035', 'Zendaya'), ('1212722', 'Benedict Cumberbatch')]",814115070
0116282,Fargo,1996,R,98,"['Crime', 'Thriller']","[('0001054', 'Joel Coen'), ('0001053', 'Ethan Coen')]","[('0001053', 'Ethan Coen'), ('0001054', 'Joel Coen')]","[('0000513', 'William H. Macy'), ('0000531', 'Frances McDormand'), ('0000114', 'Steve Buscemi')]",24611975
1291584,Warrior,2011,PG-13,140,"['Action', 'Drama', 'Sport']","[('0640334', ""Gavin O'Connor"")]","[('0640334', ""Gavin O'Connor""), ('3294574', 'Anthony Tambakis'), ('0233561', 'Cliff Dorfman')]","[('0362766', 'Tom Hardy'), ('0000560', 'Nick Nolte'), ('0249291', 'Joel Edgerton')]",13657115
4729430,Klaus,2019,PG,96,"['Animation', 'Adventure', 'Comedy']","[('0655053', 'Sergio Pablos'), ('3582089', 'Carlos Martínez López')]","[('0655053', 'Sergio Pablos'), ('2700235', 'Jim Mahoney'), ('2082813', 'Zach Lewis')]","[('0005403', 'Jason Schwartzman'), ('0799777', 'J.K. Simmons'), ('0429069', 'Rashida Jones')]",
0264464,Catch Me If You Can,2002,PG-13,141,"['Biography', 'Crime', 'Drama']","[('0000229', 'Steven Spielberg')]","[('0007646', 'Frank Abagnale Jr.'), ('1127221', 'Stan Redding'), ('0622288', 'Jeff Nathanson')]","[('0000138', 'Leonardo DiCaprio'), ('0000158', 'Tom Hanks'), ('0000686', 'Christopher Walken')]",164615351
23289160,Gojira -1.0,2023,PG-13,124,"['Action', 'Adventure', 'Drama']","[('0945724', 'Takashi Yamazaki')]","[('0945724', 'Takashi Yamazaki')]","[('4947538', 'Minami Hamabe'), ('2747232', 'Sakura Ando'), ('1126340', 'Ryunosuke Kamiki')]",52147578
1205489,Gran Torino,2008,R,116,['Drama'],"[('0000142', 'Clint Eastwood')]","[('1010405', 'Nick Schenk'), ('3164738', 'Dave Johannson')]","[('0000142', 'Clint Eastwood'), ('3057402', 'Bee Vang'), ('1542291', 'Christopher Carley')]",148095302
0096283,Tonari no Totoro,1988,G,86,"['Animation', 'Comedy', 'Family']","[('0594503', 'Hayao Miyazaki')]","[('0594503', 'Hayao Miyazaki')]","[('0847054', 'Hitoshi Takagi'), ('0383022', 'Noriko Hidaka'), ('0757076', 'Chika Sakamoto')]",2250213
0405159,Million Dollar Baby,2004,PG-13,132,"['Drama', 'Sport']","[('0000142', 'Clint Eastwood')]","[('0353673', 'Paul Haggis'), ('0101801', 'F.X. Toole')]","[('0005476', 'Hilary Swank'), ('0000142', 'Clint Eastwood'), ('0000151', 'Morgan Freeman')]",100492203
1201607,Harry Potter and the Deathly Hallows - Part 2,2011,PG-13,130,"['Adventure', 'Family', 'Fantasy']","[('0946734', 'David Yates')]","[('0460141', 'Steve Kloves'), ('0746830', 'J.K. Rowling')]","[('0705356', 'Daniel Radcliffe'), ('0914612', 'Emma Watson'), ('0342488', 'Rupert Grint')]",381447587
0118849,Bacheha-Ye aseman,1997,PG,89,"['Drama', 'Family', 'Sport']","[('0006498', 'Majid Majidi')]","[('0006498', 'Majid Majidi')]","[('0619870', 'Mohammad Amir Naji'), ('0268488', 'Amir Farrokh Hashemian'), ('0781245', 'Bahare Seddiqi')]",933933
0083658,Blade Runner,1982,R,117,"['Action', 'Drama', 'Sci-Fi']","[('0000631', 'Ridley Scott')]","[('0266684', 'Hampton Fancher'), ('0672459', 'David Webb Peoples'), ('0001140', 'Philip K. Dick')]","[('0000148', 'Harrison Ford'), ('0000442', 'Rutger Hauer'), ('0000707', 'Sean Young')]",32914489
2024544,12 Years a Slave,2013,R,134,"['Biography', 'Drama', 'History']","[('2588606', 'Steve McQueen')]","[('0725983', 'John Ridley'), ('1185849', 'Solomon Northup')]","[('0252230', 'Chiwetel Ejiofor'), ('0931324', 'Michael Kenneth Williams'), ('1055413', 'Michael Fassbender')]",56671993
0112471,Before Sunrise,1995,R,101,"['Drama', 'Romance']","[('0000500', 'Richard Linklater')]","[('0000500', 'Richard Linklater'), ('0471811', 'Kim Krizan')]","[('0000160', 'Ethan Hawke'), ('0000365', 'Julie Delpy'), ('0248600', 'Andrea Eckert')]",5535405
2278388,The Grand Budapest Hotel,2014,R,99,"['Adventure', 'Comedy', 'Crime']","[('0027572', 'Wes Anderson')]","[('0959003', 'Stefan Zweig'), ('0027572', 'Wes Anderson'), ('2450453', 'Hugo Guinness')]","[('0000146', 'Ralph Fiennes'), ('0000719', 'F. Murray Abraham'), ('0023832', 'Mathieu Amalric')]",59301324
0052618,Ben-Hur,1959,G,212,"['Adventure', 'Drama']","[('0943758', 'William Wyler')]","[('0908753', 'Lew Wallace'), ('0876562', 'Karl Tunberg'), ('0000683', 'Gore Vidal')]","[('0000032', 'Charlton Heston'), ('0370144', 'Jack Hawkins'), ('0000963', 'Stephen Boyd')]",74432704
0072684,Barry Lyndon,1975,PG,185,"['Adventure', 'Drama', 'War']","[('0000040', 'Stanley Kubrick')]","[('0000040', 'Stanley Kubrick'), ('0856842', 'William Makepeace Thackeray')]","[('0641939', ""Ryan O'Neal""), ('0001943', 'Marisa Berenson'), ('0535861', 'Patrick Magee')]",
2267998,Gone Girl,2014,R,149,"['Drama', 'Mystery', 'Thriller']","[('0000399', 'David Fincher')]","[('5058839', 'Gillian Flynn')]","[('0000255', 'Ben Affleck'), ('0683253', 'Rosamund Pike'), ('0000439', 'Neil Patrick Harris')]",167767189
0015864,The Gold Rush,1925,Passed,95,"['Adventure', 'Comedy', 'Drama']","[('0000122', 'Charles Chaplin')]","[('0000122', 'Charles Chaplin')]","[('0000122', 'Charles Chaplin'), ('0841501', 'Mack Swain'), ('0615306', 'Tom Murray')]",
2119532,Hacksaw Ridge,2016,R,139,"['Biography', 'Drama', 'History']","[('0000154', 'Mel Gibson')]","[('0770938', 'Robert Schenkkan'), ('0460795', 'Andrew Knight')]","[('1940449', 'Andrew Garfield'), ('0941777', 'Sam Worthington'), ('3478396', 'Luke Bracey')]",67209615
0107207,In the Name of the Father,1993,R,133,"['Biography', 'Crime', 'Drama']","[('0006487', 'Jim Sheridan')]","[('0174840', 'Gerry Conlon'), ('0313623', 'Terry George'), ('0006487', 'Jim Sheridan')]","[('0000358', 'Daniel Day-Lewis'), ('0000592', 'Pete Postlethwaite'), ('0188949', 'Alison Crosbie')]",25096862
0353969,Salinui chueok,2003,Not Rated,131,"['Crime', 'Drama', 'Mystery']","[('0094435', 'Bong Joon Ho')]","[('0094435', 'Bong Joon Ho'), ('1323286', 'Kwang-rim Kim'), ('1646563', 'Sung-bo Shim')]","[('0814280', 'Song Kang-ho'), ('1235292', 'Kim Sang-kyung'), ('1323287', 'Kim Roe-ha')]",15357
0047296,On the Waterfront,1954,Approved,108,"['Crime', 'Drama', 'Thriller']","[('0001415', 'Elia Kazan')]","[('0775977', 'Budd Schulberg'), ('0425711', 'Malcolm Johnson'), ('0802563', 'Robert Siodmak')]","[('0000008', 'Marlon Brando'), ('0001500', 'Karl Malden'), ('0002011', 'Lee J. Cobb')]",
0017925,The General,1926,Passed,78,"['Action', 'Adventure', 'Comedy']","[('0115669', 'Clyde Bruckman'), ('0000036', 'Buster Keaton')]","[('0000036', 'Buster Keaton'), ('0115669', 'Clyde Bruckman'), ('0090213', 'Al Boasberg')]","[('0000036', 'Buster Keaton'), ('0533045', 'Marion Mack'), ('0147070', 'Glen Cavender')]",
0077416,The Deer Hunter,1978,R,183,"['Drama', 'War']","[('0001047', 'Michael Cimino')]","[('0001047', 'Michael Cimino'), ('0913346', 'Deric Washburn'), ('0307311', 'Louis Garfinkle')]","[('0000134', 'Robert De Niro'), ('0000686', 'Christopher Walken'), ('0001030', 'John Cazale')]",48979328
0097165,Dead Poets Society,1989,PG,128,"['Comedy', 'Drama']","[('0001837', 'Peter Weir')]","[('0776114', 'Tom Schulman')]","[('0000245', 'Robin Williams'), ('0000494', 'Robert Sean Leonard'), ('0000160', 'Ethan Hawke')]",95860116
3011894,Relatos salvajes,2014,R,122,"['Comedy', 'Drama', 'Thriller']","[('1167933', 'Damián Szifron')]","[('2265326', 'Julian Loyola'), ('1167933', 'Damián Szifron'), ('1238855', 'Germán Servidio')]","[('0334882', 'Darío Grandinetti'), ('0555404', 'María Marull'), ('0897640', 'Mónica Villa')]",3106530
1392190,Mad Max: Fury Road,2015,R,120,"['Action', 'Adventure', 'Sci-Fi']","[('0004306', 'George Miller')]","[('0004306', 'George Miller'), ('0565068', 'Brendan McCarthy'), ('0490147', 'Nick Lathouris')]","[('0362766', 'Tom Hardy'), ('0000234', 'Charlize Theron'), ('0396558', 'Nicholas Hoult')]",154280290
0050986,Smultronstället,1957,Not Rated,91,"['Drama', 'Romance']","[('0000005', 'Ingmar Bergman')]","[('0000005', 'Ingmar Bergman')]","[('0803705', 'Victor Sjöström'), ('0000761', 'Bibi Andersson'), ('0862026', 'Ingrid Thulin')]",
0041959,The Third Man,1949,Approved,104,"['Film-Noir', 'Mystery', 'Thriller']","[('0715346', 'Carol Reed')]","[('0001294', 'Graham Greene'), ('0000080', 'Orson Welles'), ('0466099', 'Alexander Korda')]","[('0000080', 'Orson Welles'), ('0001072', 'Joseph Cotten'), ('0885098', 'Alida Valli')]",1067364
0015324,Sherlock Jr.,1924,Passed,45,"['Action', 'Comedy', 'Romance']","[('0000036', 'Buster Keaton')]","[('0369841', 'Jean C. Havez'), ('0593477', 'Joseph A. Mitchell'), ('0115669', 'Clyde Bruckman')]","[('0000036', 'Buster Keaton'), ('0570230', 'Kathryn McGuire'), ('0444172', 'Joe Keaton')]",977375
0046268,Le salaire de la peur,1953,Not Rated,131,"['Adventure', 'Drama', 'Thriller']","[('0167241', 'Henri-Georges Clouzot')]","[('1064118', 'Georges Arnaud'), ('0167241', 'Henri-Georges Clouzot'), ('0350823', 'Jérôme Géronimi')]","[('0598971', 'Yves Montand'), ('0889024', 'Charles Vanel'), ('0886870', 'Peter van Eyck')]",
0198781,"Monsters, Inc.",2001,G,92,"['Animation', 'Adventure', 'Comedy']","[('0230032', 'Pete Docter'), ('0798899', 'David Silverman'), ('0881279', 'Lee Unkrich')]","[('0230032', 'Pete Docter'), ('0191717', 'Jill Culton'), ('0682066', 'Jeff Pidgeon')]","[('0000345', 'Billy Crystal'), ('0000422', 'John Goodman'), ('0316701', 'Mary Gibbs')]",290642256
0073195,Jaws,1975,PG,124,"['Adventure', 'Mystery', 'Thriller']","[('0000229', 'Steven Spielberg')]","[('0001940', 'Peter Benchley'), ('0331956', 'Carl Gottlieb')]","[('0001702', 'Roy Scheider'), ('0001727', 'Robert Shaw'), ('0000377', 'Richard Dreyfuss')]",266567580
0892769,How to Train Your Dragon,2010,PG,98,"['Animation', 'Action', 'Adventure']","[('0213450', 'Dean DeBlois'), ('0761498', 'Chris Sanders')]","[('0204030', 'William Davies'), ('0213450', 'Dean DeBlois'), ('0761498', 'Chris Sanders')]","[('0059431', 'Jay Baruchel'), ('0124930', 'Gerard Butler'), ('2395586', 'Christopher Mintz-Plasse')]",217581231
0031679,Mr. Smith Goes to Washington,1939,Passed,129,"['Comedy', 'Drama']","[('0001008', 'Frank Capra')]","[('0118227', 'Sidney Buchman'), ('0287931', 'Lewis R. Foster'), ('0175333', 'Myles Connolly')]","[('0000071', 'James Stewart'), ('0000795', 'Jean Arthur'), ('0001647', 'Claude Rains')]",144738
0978762,Mary and Max.,2009,Not Rated,92,"['Animation', 'Comedy', 'Drama']","[('0254178', 'Adam Elliot')]","[('0254178', 'Adam Elliot')]","[('0001057', 'Toni Collette'), ('0000450', 'Philip Seymour Hoffman'), ('0051509', 'Eric Bana')]",
1950186,Ford v Ferrari,2019,PG-13,152,"['Action', 'Biography', 'Drama']","[('0003506', 'James Mangold')]","[('0125336', 'Jez Butterworth'), ('3890871', 'John-Henry Butterworth'), ('0445669', 'Jason Keller')]","[('0000354', 'Matt Damon'), ('0000288', 'Christian Bale'), ('1256532', 'Jon Bernthal')]",117624357
0382932,Ratatouille,2007,G,111,"['Animation', 'Adventure', 'Comedy']","[('0083348', 'Brad Bird'), ('0684342', 'Jan Pinkava')]","[('0083348', 'Brad Bird'), ('0684342', 'Jan Pinkava'), ('0135296', 'Jim Capobianco')]","[('0004951', 'Brad Garrett'), ('0738918', 'Lou Romano'), ('0652663', 'Patton Oswalt')]",206445654
0050976,Det sjunde inseglet,1957,Not Rated,96,"['Drama', 'Fantasy']","[('0000005', 'Ingmar Bergman')]","[('0000005', 'Ingmar Bergman')]","[('0001884', 'Max von Sydow'), ('0085038', 'Gunnar Björnstrand'), ('0252345', 'Bengt Ekerot')]",
3170832,Room,2015,R,118,"['Drama', 'Thriller']","[('1049433', 'Lenny Abrahamson')]","[('1480980', 'Emma Donoghue')]","[('0488953', 'Brie Larson'), ('5016878', 'Jacob Tremblay'), ('0108703', 'Sean Bridgers')]",14677654
0118715,The Big Lebowski,1998,R,117,"['Comedy', 'Crime']","[('0001054', 'Joel Coen'), ('0001053', 'Ethan Coen')]","[('0001053', 'Ethan Coen'), ('0001054', 'Joel Coen')]","[('0000313', 'Jeff Bridges'), ('0000422', 'John Goodman'), ('0000194', 'Julianne Moore')]",19301403
0046438,Tôkyô monogatari,1953,Not Rated,136,['Drama'],"[('0654868', 'Yasujirô Ozu')]","[('0633792', 'Kôgo Noda'), ('0654868', 'Yasujirô Ozu')]","[('0753479', 'Chishû Ryû'), ('0383261', 'Chieko Higashiyama'), ('0945522', 'Sô Yamamura')]",
0075148,Rocky,1976,PG,120,"['Drama', 'Sport']","[('0000814', 'John G. Avildsen')]","[('0000230', 'Sylvester Stallone')]","[('0000230', 'Sylvester Stallone'), ('0001735', 'Talia Shire'), ('0949350', 'Burt Young')]",117235147
0395169,Hotel Rwanda,2004,PG-13,121,"['Biography', 'Drama', 'History']","[('0313623', 'Terry George')]","[('0669311', 'Keir Pearson'), ('0313623', 'Terry George')]","[('0000332', 'Don Cheadle'), ('0645683', 'Sophie Okonedo'), ('0001618', 'Joaquin Phoenix')]",23530892
3315342,Logan,2017,R,137,"['Action', 'Drama', 'Sci-Fi']","[('0003506', 'James Mangold')]","[('0003506', 'James Mangold'), ('0291082', 'Scott Frank'), ('0338169', 'Michael Green')]","[('0413168', 'Hugh Jackman'), ('0001772', 'Patrick Stewart'), ('6748436', 'Dafne Keen')]",226277068
1895587,Spotlight,2015,R,129,"['Biography', 'Crime', 'Drama']","[('0565336', 'Tom McCarthy')]","[('1802857', 'Josh Singer'), ('0565336', 'Tom McCarthy')]","[('0749263', 'Mark Ruffalo'), ('0000474', 'Michael Keaton'), ('1046097', 'Rachel McAdams')]",45055776
0091763,Platoon,1986,R,120,"['Drama', 'War']","[('0000231', 'Oliver Stone')]","[('0000231', 'Oliver Stone')]","[('0000221', 'Charlie Sheen'), ('0000297', 'Tom Berenger'), ('0000353', 'Willem Dafoe')]",138530565
0088247,The Terminator,1984,R,107,"['Action', 'Sci-Fi']","[('0000116', 'James Cameron')]","[('0000116', 'James Cameron'), ('0005036', 'Gale Anne Hurd'), ('0936537', 'William Wisher')]","[('0000216', 'Arnold Schwarzenegger'), ('0000157', 'Linda Hamilton'), ('0000299', 'Michael Biehn')]",38371200
0019254,La passion de Jeanne d'Arc,1928,Passed,110,"['Biography', 'Drama', 'History']","[('0003433', 'Carl Theodor Dreyer')]","[('0217865', 'Joseph Delteil'), ('0003433', 'Carl Theodor Dreyer')]","[('0266029', 'Maria Falconetti'), ('0798564', 'Eugene Silvain'), ('0075551', 'André Berley')]",21877
0381681,Before Sunset,2004,R,80,"['Drama', 'Romance']","[('0000500', 'Richard Linklater')]","[('0000500', 'Richard Linklater'), ('0000365', 'Julie Delpy'), ('0000160', 'Ethan Hawke')]","[('0000160', 'Ethan Hawke'), ('0000365', 'Julie Delpy'), ('0229943', 'Vernon Dobtcheff')]",5820649
15097216,Jai Bhim,2021,TV-MA,164,"['Crime', 'Drama', 'Mystery']","[('4377096', 'T.J. Gnanavel')]","[('4377096', 'T.J. Gnanavel'), ('13222819', 'Rajendra Sapre')]","[('1421814', 'Suriya'), ('7934649', 'Lijo Mol Jose'), ('8904193', 'Manikandan K.')]",
0036868,The Best Years of Our Lives,1946,Approved,170,"['Drama', 'Romance', 'War']","[('0943758', 'William Wyler')]","[('0792845', 'Robert E. Sherwood'), ('0437969', 'MacKinlay Kantor')]","[('0001485', 'Myrna Loy'), ('0000763', 'Dana Andrews'), ('0545298', 'Fredric March')]",23650000
0113247,La haine,1995,Not Rated,98,"['Crime', 'Drama']","[('0440913', 'Mathieu Kassovitz')]","[('0440913', 'Mathieu Kassovitz')]","[('0001993', 'Vincent Cassel'), ('0468003', 'Hubert Koundé'), ('0846548', 'Saïd Taghmaoui')]",280859
1979320,Rush,2013,R,123,"['Action', 'Biography', 'Drama']","[('0000165', 'Ron Howard')]","[('0604948', 'Peter Morgan')]","[('0117709', 'Daniel Brühl'), ('1165110', 'Chris Hemsworth'), ('1312575', 'Olivia Wilde')]",26947624
0074958,Network,1976,R,121,['Drama'],"[('0001486', 'Sidney Lumet')]","[('0154665', 'Paddy Chayefsky')]","[('0001159', 'Faye Dunaway'), ('0000034', 'William Holden'), ('0002075', 'Peter Finch')]",23689877
0070047,The Exorcist,1973,R,122,['Horror'],"[('0001243', 'William Friedkin')]","[('0087861', 'William Peter Blatty')]","[('0000995', 'Ellen Burstyn'), ('0001884', 'Max von Sydow'), ('0000304', 'Linda Blair')]",233005644
0092005,Stand by Me,1986,R,89,"['Adventure', 'Comedy', 'Drama']","[('0001661', 'Rob Reiner')]","[('0000175', 'Stephen King'), ('0317279', 'Raynold Gideon'), ('0262595', 'Bruce A. Evans')]","[('0000696', 'Wil Wheaton'), ('0000203', 'River Phoenix'), ('0000397', 'Corey Feldman')]",52287414
0325980,Pirates of the Caribbean: The Curse of the Black Pearl,2003,PG-13,143,"['Action', 'Adventure', 'Fantasy']","[('0893659', 'Gore Verbinski')]","[('0254645', 'Ted Elliott'), ('0744429', 'Terry Rossio'), ('0064181', 'Stuart Beattie')]","[('0000136', 'Johnny Depp'), ('0001691', 'Geoffrey Rush'), ('0089217', 'Orlando Bloom')]",305413918
0032138,The Wizard of Oz,1939,G,102,"['Adventure', 'Family', 'Fantasy']","[('0281808', 'Victor Fleming'), ('0896542', 'King Vidor')]","[('0486538', 'Noel Langley'), ('0753249', 'Florence Ryerson'), ('0941138', 'Edgar Allan Woolf')]","[('0000023', 'Judy Garland'), ('0604656', 'Frank Morgan'), ('0001961', 'Ray Bolger')]",24668669
0317705,The Incredibles,2004,PG,115,"['Animation', 'Action', 'Adventure']","[('0083348', 'Brad Bird')]","[('0083348', 'Brad Bird')]","[('0005266', 'Craig T. Nelson'), ('0000168', 'Samuel L. Jackson'), ('0000456', 'Holly Hunter')]",261441092
0758758,Into the Wild,2007,R,148,"['Adventure', 'Biography', 'Drama']","[('0000576', 'Sean Penn')]","[('0000576', 'Sean Penn'), ('1040556', 'Jon Krakauer')]","[('0386472', 'Emile Hirsch'), ('0000681', 'Vince Vaughn'), ('0001416', 'Catherine Keener')]",18354356
1028532,Hachi: A Dog's Tale,2009,G,93,"['Biography', 'Drama', 'Family']","[('0002120', 'Lasse Hallström')]","[('2124742', 'Stephen P. Lindsey'), ('0793881', 'Kaneto Shindô')]","[('0000152', 'Richard Gere'), ('0000260', 'Joan Allen'), ('0846480', 'Cary-Hiroyuki Tagawa')]",
4016934,Ah-ga-ssi,2016,Not Rated,145,"['Drama', 'Romance', 'Thriller']","[('0661791', 'Park Chan-wook')]","[('1258797', 'Sarah Waters'), ('1941029', 'Chung Seo-kyung'), ('0661791', 'Park Chan-wook')]","[('1195119', 'Kim Min-hee'), ('1978402', 'Ha Jung-woo'), ('2437361', 'Cho Jin-woong')]",2006788
0035446,To Be or Not to Be,1942,Passed,99,"['Comedy', 'Romance', 'War']","[('0523932', 'Ernst Lubitsch')]","[('0501872', 'Melchior Lengyel'), ('0562372', 'Edwin Justus Mayer'), ('0523932', 'Ernst Lubitsch')]","[('0001479', 'Carole Lombard'), ('0000912', 'Jack Benny'), ('0821041', 'Robert Stack')]",3270000
0058946,La battaglia di Algeri,1966,Not Rated,121,"['Drama', 'War']","[('0690597', 'Gillo Pontecorvo')]","[('0758357', 'Franco Solinas'), ('0690597', 'Gillo Pontecorvo')]","[('0352835', 'Brahim Hadjadj'), ('0552483', 'Jean Martin'), ('0754272', 'Yacef Saadi')]",879794
0476735,Babam ve Oglum,2005,Not Rated,112,"['Drama', 'Family']","[('1463981', 'Çagan Irmak')]","[('1463981', 'Çagan Irmak')]","[('1002038', 'Çetin Tekindor'), ('0476334', 'Fikret Kuskan'), ('0406157', 'Hümeyra')]",
0032551,The Grapes of Wrath,1940,Passed,129,['Drama'],"[('0000406', 'John Ford')]","[('0425913', 'Nunnally Johnson'), ('0825705', 'John Steinbeck')]","[('0000020', 'Henry Fonda'), ('0002034', 'Jane Darwell'), ('0001017', 'John Carradine')]",
0107048,Groundhog Day,1993,PG,101,"['Comedy', 'Drama', 'Fantasy']","[('0000601', 'Harold Ramis')]","[('0748035', 'Danny Rubin'), ('0000601', 'Harold Ramis')]","[('0000195', 'Bill Murray'), ('0000510', 'Andie MacDowell'), ('0254402', 'Chris Elliott')]",71107962
0059742,The Sound of Music,1965,G,172,"['Biography', 'Drama', 'Family']","[('0936404', 'Robert Wise')]","[('0403346', 'Georg Hurdalek'), ('0512231', 'Howard Lindsay'), ('0189496', 'Russel Crouse')]","[('0000267', 'Julie Andrews'), ('0001626', 'Christopher Plummer'), ('0662223', 'Eleanor Parker')]",159287539
0245712,Amores perros,2000,R,154,"['Drama', 'Thriller']","[('0327944', 'Alejandro G. Iñárritu')]","[('0037247', 'Guillermo Arriaga')]","[('0248408', 'Emilio Echevarría'), ('0305558', 'Gael García Bernal'), ('0865949', 'Goya Toledo')]",5408467
0032976,Rebecca,1940,Approved,130,"['Drama', 'Film-Noir', 'Mystery']","[('0000033', 'Alfred Hitchcock')]","[('0238898', 'Daphne Du Maurier'), ('0792845', 'Robert E. Sherwood'), ('0365661', 'Joan Harrison')]","[('0000059', 'Laurence Olivier'), ('0000021', 'Joan Fontaine'), ('0001695', 'George Sanders')]",
0061512,Cool Hand Luke,1967,GP,127,"['Crime', 'Drama']","[('0742341', 'Stuart Rosenberg')]","[('0668914', 'Donn Pearce'), ('0682757', 'Frank Pierson'), ('0237543', 'Hal Dresner')]","[('0000056', 'Paul Newman'), ('0001421', 'George Kennedy'), ('0001510', 'Strother Martin')]",
0129167,The Iron Giant,1999,PG,86,"['Animation', 'Action', 'Adventure']","[('0083348', 'Brad Bird')]","[('0564827', 'Tim McCanlies'), ('0083348', 'Brad Bird'), ('0400954', 'Ted Hughes')]","[('0547349', 'Eli Marienthal'), ('0001065', 'Harry Connick Jr.'), ('0000098', 'Jennifer Aniston')]",23315035
1454029,The Help,2011,PG-13,146,['Drama'],"[('0853238', 'Tate Taylor')]","[('0853238', 'Tate Taylor'), ('3543826', 'Kathryn Stockett')]","[('0205626', 'Viola Davis'), ('1297015', 'Emma Stone'), ('0818055', 'Octavia Spencer')]",169708112
0025316,It Happened One Night,1934,Passed,105,"['Comedy', 'Romance']","[('0001008', 'Frank Capra')]","[('0728307', 'Robert Riskin'), ('0011343', 'Samuel Hopkins Adams')]","[('0000022', 'Clark Gable'), ('0001055', 'Claudette Colbert'), ('0175369', 'Walter Connolly')]",
0053198,Les quatre cents coups,1959,Not Rated,99,"['Crime', 'Drama']","[('0000076', 'François Truffaut')]","[('0000076', 'François Truffaut'), ('0610115', 'Marcel Moussy')]","[('0529543', 'Jean-Pierre Léaud'), ('0753716', 'Albert Rémy'), ('0561158', 'Claire Maurier')]",509
4430212,Drishyam,2015,Not Rated,163,"['Crime', 'Drama', 'Mystery']","[('1723225', 'Nishikant Kamat')]","[('2572228', 'Jeethu Joseph'), ('3179723', 'Upendra Sidhaye')]","[('0222426', 'Ajay Devgn'), ('1328152', 'Shriya Saran'), ('0007102', 'Tabu')]",
1954470,Gangs of Wasseypur,2012,Not Rated,321,"['Action', 'Comedy', 'Crime']","[('0440604', 'Anurag Kashyap')]","[('4556524', 'Akhilesh Jaiswal'), ('0440604', 'Anurag Kashyap'), ('4556473', 'Sachin K. Ladia')]","[('0048075', 'Manoj Bajpayee'), ('1596350', 'Nawazuddin Siddiqui'), ('0223606', 'Tigmanshu Dhulia')]",
